"code"	"comname"	"family"	"genus"	"species"	"gensp"	"fishinv"	"group"	"hab"	"natinv"	"notes"
"AMESHA"	"American Shad"	"Clupeidae"	"Alosa"	"sapidissima"	"Alosa sapidissima"	"Fish"	"Fish"	"Pelagic"	"Invasive"	
"ARRGOB"	"Arrow Goby"	"Gobiidae"	"Clevelandia"	"ios"	"Clevelandia ios"	"Fish"	"Fish"	"Benthic"	"Native"	
"BARSUR"	"Barred Surfperch"	"Embiotocidae"	"Amphistichus"	"argenteus"	"Amphistichus argenteus"	"Fish"	"Fish"	"Benthic"	"Native"	
"BATRAY"	"Bat Ray"	"Myliobatidae"	"Myliobatis"	"californica"	"Myliobatis californica"	"Fish"	"Fish"	"Benthic"	"Native"	
"BAYGOB"	"Bay Goby"	"Gobiidae"	"Lepidogobius"	"lepidus"	"Lepidogobius lepidus"	"Fish"	"Fish"	"Benthic"	"Native"	
"BAYPIP"	"Bay Pipefish"	"Syngnathidae"	"Syngnathus"	"leptorhynchus"	"Syngnathus leptorhynchus"	"Fish"	"Fish"	"Littoral"	"Native"	
"BIGLOG"	"Bigscale Logperch"	"Percidae"	"Percina"	"macrolepida"	"Percina macrolepida"	"Fish"	"Fish"	"Benthic"	"Native"	
"BIGSKA"	"Big Skate"	"Rajidae"	"Raja"	"binoculata"	"Raja binoculata"	"Fish"	"Fish"	"Benthic"	"Native"	
"BLABUL"	"Black Bullhead"	"Ictaluridae"	"Ameiurus"	"melas"	"Ameiurus melas"	"Fish"	"Fish"	"Benthic"	"Invasive"	
"BLACRA"	"Black Crappie"	"Centrarchidae"	"Pomoxis"	"nigromaculatus"	"Pomoxis nigromaculatus"	"Fish"	"Fish"	"Pelagic"	"Invasive"	
"BLAPER"	"Black Perch"	"Embiotocidae"	"Embiotoca"	"jacksoni"	"Embiotoca jacksoni"	"Fish"	"Fish"	"Littoral"	"Native"	
"BLAROC"	"Black Rockfish"	"Scorpaenidae"	"Sebastes"	"melanops"	"Sebastes melanops"	"Fish"	"Fish"	"Littoral"	"Native"	
"BLUCAT"	"Blue Catfish"	"Ictaluridae"	"Ictalurus"	"furcatus"	"Ictalurus furcatus"	"Fish"	"Fish"	"Benthic"	"Invasive"	
"BLUEGI"	"Bluegill"	"Centrarchidae"	"Lepomis"	"macrochirus"	"Lepomis macrochirus"	"Fish"	"Fish"	"Littoral"	"Invasive"	
"BLUROC"	"Blue Rockfish"	"Scorpaenidae"	"Sebastes"	"mystinus"	"Sebastes mystinus"	"Fish"	"Fish"	"Littoral"	"Native"	
"BOCACC"	"Bocaccio"	"Scorpaenidae"	"Sebastes"	"paucispinis"	"Sebastes paucispinis"	"Fish"	"Fish"	"Littoral"	"Native"	
"BONSCU"	"Bonyhead Sculpin"	"Cottidae"	"Artedius"	"notospilotus"	"Artedius notospilotus"	"Fish"	"Fish"	"Benthic"	"Native"	
"BROBUL"	"Brown Bullhead"	"Ictaluridae"	"Ameiurus"	"nebulosus"	"Ameiurus nebulosus"	"Fish"	"Fish"	"Benthic"	"Invasive"	
"BROILO"	"Brown Irish Lord"	"Cottidae"	"Hemilepidotus"	"spinosus"	"Hemilepidotus spinosus"	"Fish"	"Fish"	"Benthic"	"Native"	
"BROROC"	"Brown Rockfish"	"Scorpaenidae"	"Sebastes"	"auriculatus"	"Sebastes auriculatus"	"Fish"	"Fish"	"Benthic"	"Native"	
"BROSMO"	"Brown Smoothhound"	"Triakidae"	"Mustelus"	"henlei"	"Mustelus henlei"	"Fish"	"Fish"	"Benthic"	"Native"	
"BROSSH"	"Broadnose Sevengill Shark"	"Hexanchidae"	"Notorynchus"	"cepedianus"	"Notorynchus cepedianus"	"Fish"	"Fish"	"Benthic"	"Native"	
"BUFSCU"	"Buffalo Sculpin"	"Cottidae"	"Enophrys"	"bison"	"Enophrys bison"	"Fish"	"Fish"	"Benthic"	"Native"	
"CABEZO"	"Cabezon"	"Cottidae"	"Scorpaenichthys"	"marmoratus"	"Scorpaenichthys marmoratus"	"Fish"	"Fish"	"Benthic"	"Native"	
"CALHAL"	"California Halibut"	"Paralichthyidae"	"Paralichthys"	"californicus"	"Paralichthys californicus"	"Fish"	"Fish"	"Benthic"	"Native"	
"CALLIZ"	"California Lizardfish"	"Synodontidae"	"Synodus"	"lucioceps"	"Synodus lucioceps"	"Fish"	"Fish"	"Benthic"	"Native"	
"CALSUR"	"Calico Surfperch"	"Embiotocidae"	"Amphistichus"	"koelzi"	"Amphistichus koelzi"	"Fish"	"Fish"	"Littoral"	"Native"	
"CALTON"	"California Tonguefish"	"Cynoglossidae"	"Symphurus"	"atricaudus"	"Symphurus atricaudus"	"Fish"	"Fish"	"Benthic"	"Native"	
"CHACAT"	"Channel Catfish"	"Ictaluridae"	"Ictalurus"	"punctatus"	"Ictalurus punctatus"	"Fish"	"Fish"	"Benthic"	"Invasive"	
"CHAGOB"	"Chameleon Goby"	"Gobiidae"	"Tridentiger"	"trigonocephalus"	"Tridentiger trigonocephalus"	"Fish"	"Fish"	"Benthic"	"Invasive"	
"CHEGOB"	"Cheekspot Goby"	"Gobiidae"	"Ilypnus"	"gilberti"	"Ilypnus gilberti"	"Fish"	"Fish"	"Benthic"	"Invasive"	
"CHISAL"	"Chinook Salmon"	"Salmonidae"	"Oncorhynchus"	"tshawytscha"	"Oncorhynchus tshawytscha"	"Fish"	"Fish"	"Pelagic"	"Native"	
"COMCAR"	"Common Carp"	"Cyprinidae"	"Cyprinus"	"carpio"	"Cyprinus carpio"	"Fish"	"Fish"	"Benthic"	"Invasive"	
"COSOLE"	"C-O Sole"	"Pleuronectidae"	"Pleuronichthys"	"coenosus"	"Pleuronichthys coenosus"	"Fish"	"Fish"	"Benthic"	"Native"	
"CURSOL"	"Curlfin Sole"	"Pleuronectidae"	"Pleuronichthys"	"decurrens"	"Pleuronichthys decurrens"	"Fish"	"Fish"	"Benthic"	"Native"	
"DELSME"	"Delta Smelt"	"Osmeridae"	"Hypomesus"	"transpacificus"	"Hypomesus transpacificus"	"Fish"	"Fish"	"Pelagic"	"Native"	
"DIATUR"	"Diamond Turbot"	"Pleuronectidae"	"Pleuronichthys"	"guttulatus"	"Pleuronichthys guttulatus"	"Fish"	"Fish"	"Benthic"	"Native"	
"DOVSOL"	"Dover Sole"	"Pleuronectidae"	"Microstomus"	"pacificus"	"Microstomus pacificus"	"Fish"	"Fish"	"Benthic"	"Native"	
"DWAPER"	"Dwarf Perch"	"Embiotocidae"	"Micrometrus"	"minimus"	"Micrometrus minimus"	"Fish"	"Fish"	"Littoral"	"Native"	
"ENGSOL"	"English Sole"	"Pleuronectidae"	"Parophrys"	"vetulus"	"Parophrys vetulus"	"Fish"	"Fish"	"Benthic"	"Native"	
"EULACH"	"Eulachon"	"Osmeridae"	"Thaleichthys"	"pacificus"	"Thaleichthys pacificus"	"Fish"	"Fish"	"Pelagic"	"Native"	
"GOLDFI"	"Goldfish"	"Cyprinidae"	"Carassius"	"auratus"	"Carassius auratus"	"Fish"	"Fish"	"Littoral"	"Invasive"	
"GRESTU"	"Green Sturgeon"	"Acipenseridae"	"Acipenser"	"medirostris"	"Acipenser medirostris"	"Fish"	"Fish"	"Benthic"	"Native"	
"GRESUN"	"Green Sunfish"	"Centrarchidae"	"Lepomis"	"cyanellus"	"Lepomis cyanellus"	"Fish"	"Fish"	"Littoral"	"Invasive"	
"HALFMO"	"Halfmoon"	"Kyphosidae"	"Medialuna"	"californiensis"	"Medialuna californiensis"	"Fish"	"Fish"	"Littoral"	"Native"	
"HITCH"	"Hitch"	"Cyprinidae"	"Lavinia"	"exilicauda"	"Lavinia exilicauda"	"Fish"	"Fish"	"Benthic"	"Native"	
"HORTUR"	"Hornyhead Turbot"	"Pleuronectidae"	"Pleuronichthys"	"verticalis"	"Pleuronichthys verticalis"	"Fish"	"Fish"	"Benthic"	"Native"	
"HYBSOL"	"Hybrid Sole"	"Pleuronectidae"	"Platichthys "	"stellatus"	"Platichthys  stellatus"	"Fish"	"Fish"	"Benthic"	"Native"	"formerly listed as Inopsetta ischyra; that species is now considered a hybrid of P. stellatus"
"JACKSM"	"Jacksmelt"	"Atherinopsidae"	"Atherinopsis"	"californiensis"	"Atherinopsis californiensis"	"Fish"	"Fish"	"Pelagic"	"Native"	
"KELGRE"	"Kelp Greenling"	"Hexagrammidae"	"Hexagrammos"	"decagrammus"	"Hexagrammos decagrammus"	"Fish"	"Fish"	"Benthic"	"Native"	
"LAMSPP"	"Unidentified Lamprey"	"Petromyzontidae"	"Lampetra"	"spp."	"Lampetra spp."	"Fish"	"Fish"	"Littoral"	"Native"	
"LARBAS"	"Largemouth Bass"	"Centrarchidae"	"Micropterus"	"salmoides"	"Micropterus salmoides"	"Fish"	"Fish"	"Littoral"	"Invasive"	
"LEOSHA"	"Leopard Shark"	"Triakidae"	"Triakis"	"semifasciata"	"Triakis semifasciata"	"Fish"	"Fish"	"Benthic"	"Native"	
"LINGCO"	"Lingcod"	"Hexagrammidae"	"Ophiodon"	"elongatus"	"Ophiodon elongatus"	"Fish"	"Fish"	"Benthic"	"Native"	
"LONDEL"	"Longfin-Delta Smelt Hybrid"	"Osmeridae"	"LFS-DS Hybrid"	"spp."	"LFS-DS Hybrid spp."	"Fish"	"Fish"	"Pelagic"	"Native"	
"LONMUD"	"Longjaw Mudsucker"	"Gobiidae"	"Gillichthys"	"mirabilis"	"Gillichthys mirabilis"	"Fish"	"Fish"	"Benthic"	"Native"	
"LONSME"	"Longfin Smelt"	"Osmeridae"	"Spirinchus"	"thaleichthys"	"Spirinchus thaleichthys"	"Fish"	"Fish"	"Pelagic"	"Native"	
"MINSPP"	"Unidentified Minnow"	"Cyprinidae"	"Unk Cyprinid"	"spp."	"Unk Cyprinid spp."	"Fish"	"Fish"	"Littoral"	"Unknown"	
"MISSIL"	"Mississippi Silverside"	"Atherinopsidae"	"Menidia"	"audens"	"Menidia audens"	"Fish"	"Fish"	"Pelagic"	"Invasive"	
"MONPRI"	"Monkeyface Prickleback"	"Stichaeidae"	"Cebidichthys"	"violaceus"	"Cebidichthys violaceus"	"Fish"	"Fish"	"Littoral"	"Native"	
"MUSBLE"	"Mussel Blenny"	"Blenniidae"	"Hypsoblennius"	"jenkinsi"	"Hypsoblennius jenkinsi"	"Fish"	"Fish"	"Benthic"	"Native"	
"NIGSME"	"Night Smelt"	"Osmeridae"	"Spirinchus"	"starksi"	"Spirinchus starksi"	"Fish"	"Fish"	"Pelagic"	"Native"	
"NOCAT"	"No Fish Catch"	"No fish catch"	"No fish catch"	"No fish catch"	"No fish catch No fish catch"	"Fish"	"Fish"	"No Catch"	"No Catch"	
"NORANC"	"Northern Anchovy"	"Engraulidae"	"Engraulis"	"mordax"	"Engraulis mordax"	"Fish"	"Fish"	"Pelagic"	"Native"	
"ONEFRI"	"Onespot Fringehead"	"Chaenopsidae"	"Neoclinus"	"uninotatus"	"Neoclinus uninotatus"	"Fish"	"Fish"	"Benthic"	"Native"	
"PACERA"	"Pacific Electric Ray"	"Torpedinidae"	"Torpedo"	"californica"	"Torpedo californica"	"Fish"	"Fish"	"Benthic"	"Native"	
"PACHER"	"Pacific Herring"	"Clupeidae"	"Clupea"	"pallasii"	"Clupea pallasii"	"Fish"	"Fish"	"Pelagic"	"Native"	
"PACLAM"	"Pacific Lamprey"	"Petromyzontidae"	"Lampetra"	"tridentata"	"Lampetra tridentata"	"Fish"	"Fish"	"Littoral"	"Native"	
"PACMAC"	"Pacific Jack Mackerel"	"Carangidae"	"Trachurus"	"symmetricus"	"Trachurus symmetricus"	"Fish"	"Fish"	"Pelagic"	"Native"	
"PACPOM"	"Pacific Pompano"	"Stromateidae"	"Peprilus"	"simillimus"	"Peprilus simillimus"	"Fish"	"Fish"	"Littoral"	"Native"	
"PACSAN"	"Pacific Sanddab"	"Paralichthyidae"	"Citharichthys"	"sordidus"	"Citharichthys sordidus"	"Fish"	"Fish"	"Benthic"	"Native"	
"PACSAR"	"Pacific Sardine"	"Clupeidae"	"Sardinops"	"sagax"	"Sardinops sagax"	"Fish"	"Fish"	"Pelagic"	"Native"	
"PACSLA"	"Pacific Sand Lance"	"Ammodytidae"	"Ammodytes"	"hexapterus"	"Ammodytes hexapterus"	"Fish"	"Fish"	"Benthic"	"Native"	
"PACSSC"	"Pacific Staghorn Sculpin"	"Cottidae"	"Leptocottus"	"armatus"	"Leptocottus armatus"	"Fish"	"Fish"	"Benthic"	"Native"	
"PACTOM"	"Pacific Tomcod"	"Gadidae"	"Microgadus"	"proximus"	"Microgadus proximus"	"Fish"	"Fish"	"Benthic"	"Native"	
"PADSCU"	"Padded Sculpin"	"Cottidae"	"Artedius"	"fenestralis"	"Artedius fenestralis"	"Fish"	"Fish"	"Benthic"	"Native"	
"PILPER"	"Pile Perch"	"Embiotocidae"	"Rhacochilus"	"vacca"	"Rhacochilus vacca"	"Fish"	"Fish"	"Littoral"	"Native"	
"PLAMID"	"Plainfin Midshipman"	"Batrachoididae"	"Porichthys"	"notatus"	"Porichthys notatus"	"Fish"	"Fish"	"Benthic"	"Native"	
"PRISCU"	"Prickly Sculpin"	"Cottidae"	"Cottus"	"asper"	"Cottus asper"	"Fish"	"Fish"	"Benthic"	"Native"	
"PYGPOA"	"Pygmy Poacher"	"Agonidae"	"Odontopyxis"	"trispinosa"	"Odontopyxis trispinosa"	"Fish"	"Fish"	"Benthic"	"Native"	
"QUEENF"	"Queenfish"	"Sciaenidae"	"Seriphus"	"politus"	"Seriphus politus"	"Fish"	"Fish"	"Pelagic"	"Native"	
"RAIKIL"	"Rainwater Killifish"	"Fundulidae"	"Lucania"	"parva"	"Lucania parva"	"Fish"	"Fish"	"Littoral"	"Native"	
"RAISEA"	"Rainbow Seaperch"	"Embiotocidae"	"Hypsurus"	"caryi"	"Hypsurus caryi"	"Fish"	"Fish"	"Littoral"	"Native"	
"RAITRO"	"Steelhead"	"Salmonidae"	"Oncorhynchus"	"mykiss"	"Oncorhynchus mykiss"	"Fish"	"Fish"	"Pelagic"	"Native"	
"REDILO"	"Red Irish Lord"	"Cottidae"	"Hemilepidotus"	"hemilepidotus"	"Hemilepidotus hemilepidotus"	"Fish"	"Fish"	"Benthic"	"Native"	
"REDSUN"	"Redear Sunfish"	"Centrarchidae"	"Lepomis"	"microlophus"	"Lepomis microlophus"	"Fish"	"Fish"	"Littoral"	"Invasive"	
"REDSUR"	"Redtail Surfperch"	"Embiotocidae"	"Amphistichus"	"rhodoterus"	"Amphistichus rhodoterus"	"Fish"	"Fish"	"Littoral"	"Native"	
"RIVLAM"	"River Lamprey"	"Petromyzontidae"	"Lampetra"	"ayresii"	"Lampetra ayresii"	"Fish"	"Fish"	"Littoral"	"Native"	
"ROCSPP"	"Unidentified Rockfish"	"Scorpaenidae"	"Sebastes"	"spp."	"Sebastes spp."	"Fish"	"Fish"	"Littoral"	"Native"	
"RONSPP"	"Unidentified Ronquil"	"Bathymasteridae"	"Unk Bathymasterid"	"spp."	"Unk Bathymasterid spp."	"Fish"	"Fish"	"Benthic"	"Native"	
"RUBSEA"	"Rubberlip Seaperch"	"Embiotocidae"	"Rhacochilus"	"toxotes"	"Rhacochilus toxotes"	"Fish"	"Fish"	"Littoral"	"Native"	
"SACBLA"	"Sacramento Blackfish"	"Cyprinidae"	"Orthodon"	"microlepidotus"	"Orthodon microlepidotus"	"Fish"	"Fish"	"Pelagic"	"Native"	
"SACPIK"	"Sacramento Pikeminnow"	"Cyprinidae"	"Ptychoceilus"	"grandis"	"Ptychoceilus grandis"	"Fish"	"Fish"	"Littoral"	"Native"	
"SACSUC"	"Sacramento Sucker"	"Catostomidae"	"Catostomus"	"occidentalis"	"Catostomus occidentalis"	"Fish"	"Fish"	"Benthic"	"Native"	
"SADGUN"	"Saddleback Gunnel"	"Pholidae"	"Pholis"	"ornata"	"Pholis ornata"	"Fish"	"Fish"	"Benthic"	"Native"	
"SANSOL"	"Sand Sole"	"Pleuronectidae"	"Psettichthys"	"melanostictus"	"Psettichthys melanostictus"	"Fish"	"Fish"	"Benthic"	"Native"	
"SANSPP"	"Unidentified Sanddab"	"Paralichthyidae"	"Citharichthys"	"spp."	"Citharichthys spp."	"Fish"	"Fish"	"Benthic"	"Native"	
"SCASCU"	"Scalyhead Sculpin"	"Cottidae"	"Artedius"	"harringtoni"	"Artedius harringtoni"	"Fish"	"Fish"	"Benthic"	"Native"	
"SHIGOB"	"Shimofuri Goby"	"Gobiidae"	"Tridentiger"	"bifasciatus"	"Tridentiger bifasciatus"	"Fish"	"Fish"	"Benthic"	"Invasive"	
"SHIPER"	"Shiner Perch"	"Embiotocidae"	"Cymatogaster"	"aggregata"	"Cymatogaster aggregata"	"Fish"	"Fish"	"Littoral"	"Native"	
"SHOGOB"	"Shokihaze Goby"	"Gobiidae"	"Tridentiger"	"barbatus"	"Tridentiger barbatus"	"Fish"	"Fish"	"Benthic"	"Invasive"	
"SHOGUI"	"Shovelnose Guitarfish"	"Rhinobatidae"	"Rhinobatos"	"productus"	"Rhinobatos productus"	"Fish"	"Fish"	"Benthic"	"Native"	
"SHOSNA"	"Showy Snailfish"	"Liparidae"	"Liparis"	"pulchellus"	"Liparis pulchellus"	"Fish"	"Fish"	"Benthic"	"Native"	
"SILSUR"	"Silver Surfperch"	"Embiotocidae"	"Hyperprosopon"	"ellipticum"	"Hyperprosopon ellipticum"	"Fish"	"Fish"	"Littoral"	"Native"	
"SLISNA"	"Slipskin Snailfish"	"Liparidae"	"Liparis"	"fucensis"	"Liparis fucensis"	"Fish"	"Fish"	"Benthic"	"Native"	
"SNAPRI"	"Snake Prickleback"	"Stichaeidae"	"Lumpenus"	"sagitta"	"Lumpenus sagitta"	"Fish"	"Fish"	"Benthic"	"Native"	
"SNASPP"	"Unidentified Snailfish"	"Liparidae"	"Liparis"	"spp."	"Liparis spp."	"Fish"	"Fish"	"Benthic"	"Native"	
"SPESAN"	"Speckled Sanddab"	"Paralichthyidae"	"Citharichthys"	"stigmaeus"	"Citharichthys stigmaeus"	"Fish"	"Fish"	"Benthic"	"Native"	
"SPIDOG"	"Spiny Dogfish"	"Squalidae"	"Squalus"	"acanthias"	"Squalus acanthias"	"Fish"	"Fish"	"Benthic"	"Native"	
"SPLITT"	"Splittail"	"Cyprinidae"	"Pogonichthys"	"macrolepidotus"	"Pogonichthys macrolepidotus"	"Fish"	"Fish"	"Benthic"	"Native"	
"SPOBAS"	"Spotted Bass"	"Centrarchidae"	"Micropterus"	"punctulatus"	"Micropterus punctulatus"	"Fish"	"Fish"	"Littoral"	"Invasive"	
"SPOCEE"	"Spotted Cusk-Eel"	"Ophidiidae"	"Chilara"	"taylori"	"Chilara taylori"	"Fish"	"Fish"	"Benthic"	"Native"	
"SPOSUR"	"Spotfin Surfperch"	"Embiotocidae"	"Hyperprosopon"	"anale"	"Hyperprosopon anale"	"Fish"	"Fish"	"Littoral"	"Native"	
"STAFLO"	"Starry Flounder"	"Pleuronectidae"	"Platichthys"	"stellatus"	"Platichthys stellatus"	"Fish"	"Fish"	"Benthic"	"Native"	
"STRBAS"	"Striped Bass"	"Moronidae"	"Morone"	"saxatilis"	"Morone saxatilis"	"Fish"	"Fish"	"Littoral"	"Invasive"	
"STRSEA"	"Striped Seaperch"	"Embiotocidae"	"Embiotoca"	"lateralis"	"Embiotoca lateralis"	"Fish"	"Fish"	"Littoral"	"Native"	
"SURSME"	"Surf Smelt"	"Osmeridae"	"Hypomesus"	"pretiosus"	"Hypomesus pretiosus"	"Fish"	"Fish"	"Pelagic"	"Native"	
"SURSPP"	"Unidentified Surfperch"	"Embiotocidae"	"Unk Embiotocid"	"spp."	"Unk Embiotocid spp."	"Fish"	"Fish"	"Littoral"	"Native"	
"THORNB"	"Thornback"	"Platyrhynidae"	"Platyrhinoidis"	"triseriata"	"Platyrhinoidis triseriata"	"Fish"	"Fish"	"Benthic"	"Native"	
"THRSHA"	"Threadfin Shad"	"Clupeidae"	"Dorosoma"	"petenense"	"Dorosoma petenense"	"Fish"	"Fish"	"Pelagic"	"Invasive"	
"THRSTI"	"Threespine Stickleback"	"Gasterosteidae"	"Gasterosteus"	"aculeatus"	"Gasterosteus aculeatus"	"Fish"	"Fish"	"Littoral"	"Native"	
"TOPSME"	"Topsmelt"	"Atherinopsidae"	"Atherinops"	"affinis"	"Atherinops affinis"	"Fish"	"Fish"	"Pelagic"	"Native"	
"TUBESN"	"Tubesnout"	"Aulorhynchidae"	"Aulorhynchus"	"flavidus"	"Aulorhynchus flavidus"	"Fish"	"Fish"	"Littoral"	"Native"	
"TULPER"	"Tule Perch"	"Embiotocidae"	"Hysterocarpus"	"traskii"	"Hysterocarpus traskii"	"Fish"	"Fish"	"Littoral"	"Native"	
"UNICEN"	"Unidentified Centrarchidae"	"Centrarchidae"	"Unk Centrachid"	"unidentified centrarchidae"	"Unk Centrachid unidentified centrarchidae"	"Fish"	"Fish"	"Littoral"	"Invasive"	
"UNIGOB"	"Unidentified Goby"	"Gobiidae"	"Unk Gobiid"	"unidentified goby"	"Unk Gobiid unidentified goby"	"Fish"	"Fish"	"Pelagic"	"Unknown"	
"UNILAR"	"Unidentified Larval Fish"	"Unk Larval Fish"	"Unk Larval Fish"	"spp."	"Unk Larval Fish spp."	"Fish"	"Fish"	"Larval"	"Unknown"	
"UNINLA"	"Unidentified Non-Larval Fish"	"Unk Fish"	"Unk Fish"	"spp."	"Unk Fish spp."	"Fish"	"Fish"	"Unknown"	"Unknown"	
"UNISAL"	"Unidentified Salmonid"	"Salmonidae"	"Unk Salmond"	"spp."	"Unk Salmond spp."	"Fish"	"Fish"	"Pelagic"	"Native"	
"UNISKI"	"Unididentified Skinny Larvae"	"Unk Skinny Larval Fish"	"Unk Skinny Larval Fish"	"spp."	"Unk Skinny Larval Fish spp."	"Fish"	"Fish"	"Larval"	"Unknown"	"unidentified long skinny larvae (i.e. PACHER, DELSME, LONSME, etc)"
"VERROC"	"Vermilion Rockfish"	"Scorpaenidae"	"Sebastes"	"miniatus"	"Sebastes miniatus"	"Fish"	"Fish"	"Littoral"	"Native"	
"WAKASA"	"Wakasagi"	"Osmeridae"	"Hypomesus"	"nipponensis"	"Hypomesus nipponensis"	"Fish"	"Fish"	"Pelagic"	"Invasive"	
"WALSUR"	"Walleye Surfperch"	"Embiotocidae"	"Hyperprosopon"	"argenteum"	"Hyperprosopon argenteum"	"Fish"	"Fish"	"Littoral"	"Native"	
"WESBLA"	"Western Brook Lamprey"	"Petromyzontidae"	"Lampetra"	"richardsoni"	"Lampetra richardsoni"	"Fish"	"Fish"	"Littoral"	"Native"	
"WESMOS"	"Western Mosquitofish"	"Poeciliidae"	"Gambusia"	"affinis"	"Gambusia affinis"	"Fish"	"Fish"	"Pelagic"	"Invasive"	
"WHICAT"	"White Catfish"	"Ictaluridae"	"Ameiurus"	"catus"	"Ameiurus catus"	"Fish"	"Fish"	"Benthic"	"Invasive"	
"WHICRO"	"White Croaker"	"Sciaenidae"	"Genyonemus"	"lineatus"	"Genyonemus lineatus"	"Fish"	"Fish"	"Littoral"	"Native"	
"WHISEA"	"White Seaperch"	"Embiotocidae"	"Phanerodon"	"furcatus"	"Phanerodon furcatus"	"Fish"	"Fish"	"Littoral"	"Native"	
"WHISEB"	"White Seabass"	"Sciaenidae"	"Atractoscion"	"nobilis"	"Atractoscion nobilis"	"Fish"	"Fish"	"Littoral"	"Native"	
"WHISME"	"Whitebait Smelt"	"Osmeridae"	"Allosmerus"	"elongatus"	"Allosmerus elongatus"	"Fish"	"Fish"	"Pelagic"	"Native"	
"WHISTU"	"White Sturgeon"	"Acipenseridae"	"Acipenser"	"transmontanus"	"Acipenser transmontanus"	"Fish"	"Fish"	"Benthic"	"Native"	
"YELGOB"	"Yellowfin Goby"	"Gobiidae"	"Acanthogobius"	"flavimanus"	"Acanthogobius flavimanus"	"Fish"	"Fish"	"Benthic"	"Invasive"	
"YELROC"	"Yellowtail Rockfish"	"Scorpaenidae"	"Sebastes"	"flavidus"	"Sebastes flavidus"	"Fish"	"Fish"	"Littoral"	"Native"	
"YELSEE"	"Yellow Snake Eel"	"Ophichthidae"	"Ophichthus"	"zophochir"	"Ophichthus zophochir"	"Fish"	"Fish"	"Benthic"	"Native"	
"MYSASP"	"Mysid: A. Aspera"	"Mysidae"	"Acanthomysis"	"aspera"	"Acanthomysis aspera"	"Invert"	"Mysid"	"Pelagic"	"Unknown"	
"MYSBOW"	"Mysid: A. Bowmani"	"Mysidae"	"Acanthomysis"	"bowmani"	"Acanthomysis bowmani"	"Invert"	"Mysid"	"Pelagic"	"Unknown"	
"MYSHWA"	"Mysid: A. Hwanhaiensis"	"Mysidae"	"Acanthomysis"	"hwanhaiensis"	"Acanthomysis hwanhaiensis"	"Invert"	"Mysid"	"Pelagic"	"Unknown"	
"MYSMAC"	"Mysid: A. Macropsis"	"Mysidae"	"Alienacanthomysis"	"macropsis"	"Alienacanthomysis macropsis"	"Invert"	"Mysid"	"Pelagic"	"Unknown"	
"AMPHPD"	"Amphipod"	"Unk Amphipod"	"Unk Amphipod"	"spp."	"Unk Amphipod spp."	"Invert"	"Amphipod"	"Benthic"	"Unknown"	"Amphipods by rank (typically from small nets)"
"AMPHPDR"	"Amphipod"	"Unk Amphipod"	"Unk Amphipod"	"spp."	"Unk Amphipod spp."	"Invert"	"Amphipod"	"Benthic"	"Unknown"	"Amphipods by rank (typically from Otter trawl)"
"CALLIA"	"Bay Ghost Shrimp"	"Callianassa"	"Callianassa"	"californiensis"	"Callianassa californiensis"	"Invert"	"Mud Shrimp"	"Benthic"	"Native"	
"CANCER"	"Cancer Spp"	"Cancridae"	"Cancer"	"spp."	"Cancer spp."	"Invert"	"Cancer Crab"	"Benthic"	"Native"	
"CANTEN"	"Pacific Rock Crab"	"Cancridae"	"Cancer"	"antennarius"	"Cancer antennarius"	"Invert"	"Cancer Crab"	"Benthic"	"Native"	
"CANTHO"	"Yellow Rock Crab"	"Cancridae"	"Cancer"	"anthonyi"	"Cancer anthonyi"	"Invert"	"Cancer Crab"	"Benthic"	"Native"	
"CARCUA"	"Arched Swimming Crab"	"Portunidae"	"Callinectes"	"arcuatus"	"Callinectes arcuatus"	"Invert"	"Swimming Crab"	"Benthic"	"Native"	
"CGRACI"	"Graceful Rock Crab"	"Cancridae"	"Cancer"	"gracilis"	"Cancer gracilis"	"Invert"	"Cancer Crab"	"Benthic"	"Native"	
"CJORDA"	"Hairy Rock Crab"	"Cancridae"	"Cancer"	"jordani"	"Cancer jordani"	"Invert"	"Cancer Crab"	"Benthic"	"Native"	
"CMAENA"	"Green Crab"	"Portunidae"	"Carcinus"	"maenas"	"Carcinus maenas"	"Invert"	"Swimming Crab"	"Benthic"	"Invasive"	
"CMAGIS"	"Dungeness Crab"	"Cancridae"	"Cancer"	"magister"	"Cancer magister"	"Invert"	"Cancer Crab"	"Benthic"	"Native"	
"CORBIC"	"Asian Clam"	"Corbiculidae"	"Corbicula"	"fluminea"	"Corbicula fluminea"	"Invert"	"Clam"	"Benthic"	"Invasive"	
"CORBUL"	"Overbite Clam"	"Corbiculidae"	"Potamocorbula"	"amurensis"	"Potamocorbula amurensis"	"Invert"	"Clam"	"Benthic"	"Invasive"	
"CPRODU"	"Red Rock Crab"	"Cancridae"	"Cancer"	"productus"	"Cancer productus"	"Invert"	"Cancer Crab"	"Benthic"	"Native"	
"CRANFR"	"California Bay Shrimp"	"Crangonidae"	"Crangon"	"franciscorum"	"Crangon franciscorum"	"Invert"	"Bay Shrimp"	"Benthic"	"Native"	
"CRANGO"	"Sum Of All Crangon Speceis"	"Crangonidae"	"Crangonids (all)"	"spp."	"Crangonids (all) spp."	"Invert"	"Bay Shrimp"	"Benthic"	"Unknown"	
"CRANLIS"	"Smooth Bay Shrimp"	"Crangonidae"	"Lissocrangon"	"styloristris"	"Lissocrangon styloristris"	"Invert"	"Bay Shrimp"	"Benthic"	"Native"	"could be confused with Crangon nigricauda"
"CRANNC"	"Blacktail Bay Shrimp"	"Crangonidae"	"Crangon"	"nigricauda"	"Crangon nigricauda"	"Invert"	"Bay Shrimp"	"Benthic"	"Native"	
"CRANNM"	"Blackspotted Bay Shrimp"	"Crangonidae"	"Crangon"	"nigromaculata"	"Crangon nigromaculata"	"Invert"	"Bay Shrimp"	"Benthic"	"Native"	
"CRANSP"	"Bay Shrimp"	"Crangonidae"	"Unk Crangonid"	"spp."	"Unk Crangonid spp."	"Invert"	"Bay Shrimp"	"Benthic"	"Native"	
"DECORC"	"Decorator Crabs"	"Unk Decorator"	"Unk Decorator"	"spp."	"Unk Decorator spp."	"Invert"	"Crab"	"Benthic"	"Native"	"Previously call Loxorhynchus"
"MYSHOL"	"Mysid: D. Holmquistae"	"Mysidae"	"Deltamysis"	"holmquistae"	"Deltamysis holmquistae"	"Invert"	"Mysid"	"Pelagic"	"Unknown"	
"ESINEN"	"Chinese Mitten Crab"	"Grapsidae"	"Eriocheir"	"sinensis"	"Eriocheir sinensis"	"Invert"	"Crab"	"Benthic"	"Invasive"	
"EXOPAL"	"Siberian Prawn"	"Palaemonidae"	"Exopalaemon"	"modestus"	"Exopalaemon modestus"	"Invert"	"Palaemonid Shrimp"	"Benthic"	"Invasive"	
"HEPSTI"	"Stimpsons Coastal Shrimp"	"Thoridae"	"Heptacarpus"	"stimpsoni"	"Heptacarpus stimpsoni"	"Invert"	"Broken-back Shrimp"	"Benthic"	"Native"	"potentially multiple species"
"HOREGO"	"Yellow Shore Crab"	"Grapsidae"	"Hemigrapsus"	"oregonensis"	"Hemigrapsus oregonensis"	"Invert"	"Crab"	"Benthic"	"Native"	
"IOBSOL"	"Eastern Mud Snail"	"Nassariidae"	"Illyanasa"	"obsoleta"	"Illyanasa obsoleta"	"Invert"	"Gastropod"	"Benthic"	"Invasive"	"Typically Eastern Mud Snail but potentially other species"
"ISOPOD"	"Isopod"	"Unk Isopoda"	"Unk Isopod"	"spp."	"Unk Isopod spp."	"Invert"	"Isopod"	"Benthic"	"Unknown"	"Ispods by rank (typically from small nets)"
"ISOPODR"	"Isopod"	"Unk Isopoda"	"Unk Isopod"	"spp."	"Unk Isopod spp."	"Invert"	"Isopod"	"Benthic"	"Unknown"	"Isopods by rank (typically from Otter trawl)"
"JELLYF"	"Jelly"	"Unk Jelly"	"Unk Jelly"	"spp."	"Unk Jelly spp."	"Invert"	"Jelly"	"Pelagic"	"Unknown"	"Includes ctenophores and cniadarian medusae"
"LBELLU"	"Blackclaw Crestleg Crab"	"Xanthidae"	"Lophopanopeus"	"bellus"	"Lophopanopeus bellus"	"Invert"	"Crab"	"Benthic"	"Xanthidae"	
"MACOMA"	"Softshell Clam"	"Tellinidae"	"Macoma"	"unidentified macoma"	"Macoma unidentified macoma"	"Invert"	"Clam"	"Benthic"	"Native"	
"MCALIF"	"California Mussel"	"Mytilidae"	"Mytilus"	"californianus"	"Mytilus californianus"	"Invert"	"Mussel"	"Benthic"	"Native"	
"MUSCUL"	"Musculista"	"Mytilidae"	"Musculista"	"senhousia"	"Musculista senhousia"	"Invert"	"Mussel"	"Benthic"	"Invasive"	
"MYSIDR"	"Mysid Species"	"Mysidae"	"Unk Mysid"	"spp."	"Unk Mysid spp."	"Invert"	"Mysid"	"Pelagic"	"Unknown"	"Mysid species by rank from Otter trawl net"
"MYTILS"	"Mytilus Spp."	"Mytilidae"	"Unk Mytilus"	"spp."	"Unk Mytilus spp."	"Invert"	"Mussel"	"Benthic"	"Native"	
"MYSKAD"	"Mysid: N. Kadiakensis Or N. Japonica"	"Mysidae"	"Neomysis"	"kadiakensis/japonica"	"Neomysis kadiakensis/japonica"	"Invert"	"Mysid"	"Pelagic"	"Unknown"	
"MYSMER"	"Mysid: N. Mercedis"	"Mysidae"	"Neomysis"	"mercedis"	"Neomysis mercedis"	"Invert"	"Mysid"	"Pelagic"	"Unknown"	
"NOMYS"	"No Mysids Found"	"Mysidae"	"Unk Mysid"	"spp."	"Unk Mysid spp."	"Invert"	"Mysid"	"Pelagic"	"Unknown"	"remove this column before analysis (LL)"
"OLURID"	"Olympia Oyster"	"Ostreidae"	"Ostrea"	"lurida"	"Ostrea lurida"	"Invert"	"Oyster"	"Benthic"	"Native"	
"PALAEM"	"Oriental Shrimp"	"Palaemonidae"	"Paleomon"	"macrodactylus"	"Paleomon macrodactylus"	"Invert"	"Palaemonid Shrimp"	"Benthic"	"Invasive"	
"PCRASS"	"Striped Shore Crab"	"Grapsidae"	"Pachygrapsus"	"crassipes"	"Pachygrapsus crassipes"	"Invert"	"Crab"	"Benthic"	"Native"	
"PHILIN"	"Unknown Philinid"	"Philinidae"	"Unk Philinid"	"spp."	"Unk Philinid spp."	"Invert"	"Gastropod"	"Benthic"	"Invasive"	"Tortellini snail or Oriental Sea Slug (2 species) [bubble snails]"
"PILEWR"	"Unidentified Polychaete"	"Unk Worm"	"Unk Worm"	"spp."	"Unk Worm spp."	"Invert"	"Polychaete"	"Benthic"	"Unknown"	"formerly listed as a ""Nereid"", but not likely identified"
"POLYCH"	"Unidentified Polychaete"	"Unk Worm"	"Unk Worm"	"spp."	"Unk Worm spp."	"Invert"	"Polychaete"	"Benthic"	"Unknown"	
"PPRODU"	"Northern Kelp Crab"	"Majidae"	"Pugettia"	"producta"	"Pugettia producta"	"Invert"	"Crab"	"Benthic"	"Native"	
"PTUBER"	"Tuberculate Pear Crab, Spider Crab"	"Majidae"	"Pyromaia"	"tuberculata"	"Pyromaia tuberculata"	"Invert"	"Crab"	"Benthic"	"Native"	
"PUGSPP"	"Unidentified Kelp Crab"	"Majidae"	"Pugettia"	"spp."	"Pugettia spp."	"Invert"	"Crab"	"Benthic"	"Native"	
"PXANTU"	"Xantus Swimming Crab"	"Portunidae"	"Portunus"	"xantusii"	"Portunus xantusii"	"Invert"	"Crab"	"Benthic"	"Native"	
"RHARRI"	"Harris Mud Crab"	"Xanthidae"	"Rhithropanopeus"	"harrisii"	"Rhithropanopeus harrisii"	"Invert"	"Crab"	"Benthic"	"Native"	
"RIDGEM"	"Ridge Mussel"	"Mytilidae"	"Geukensia"	"demissa"	"Geukensia demissa"	"Invert"	"Mussel"	"Benthic"	"Invasive"	
"SNAILS"	"Unknown Gastropod"	"Unk Gastropoda"	"Unk Gastropod"	"spp."	"Unk Gastropod spp."	"Invert"	"Gastropod"	"Benthic"	"Unknown"	"Jim often called IOBSOL  (Eastern Mud Snail) generic snail (most of these may be IOBSOL)"
"SPONGE"	"Sponge"	"Unk Porifera"	"Unk Porifera"	"spp."	"Unk Porifera spp."	"Invert"	"Sponge"	"Benthic"	"Unknown"	
"TAPJAP"	"Japanese Littleneck Clam"	"Veneridae"	"Tapes"	"japonica"	"Tapes japonica"	"Invert"	"Clam"	"Benthic"	"Invasive"	"also under Venerupis philippinarum"
"TUNICA"	"Tunicate"	"Unk Tunicate"	"Unk Tunicate"	"spp."	"Unk Tunicate spp."	"Invert"	"Tunicate"	"Benthic"	"Unknown"	
"UCINER"	"Atlantic Oyster Drill"	"Muricidae"	"Urosalpinx"	"cinerea"	"Urosalpinx cinerea"	"Invert"	"Gastropod"	"Benthic"	"Invasive"	
"UNICLA"	"Unidentified Clam"	"Unk Clam"	"Unk Clam"	"spp."	"Unk Clam spp."	"Invert"	"Clam"	"Benthic"	"Unknown"	
"UNICRB"	"Unidentified Crab"	"Unk Crab"	"Unk Crab"	"spp."	"Unk Crab spp."	"Invert"	"Crab"	"Benthic"	"Unknown"	
"MYSIDS"	"Unidentified Mysid"	"Mysidae"	"Unk Mysid"	"spp."	"Unk Mysid spp."	"Invert"	"Mysid"	"Pelagic"	"Unknown"	"unidentified mysid from small net"
"UNINUD"	"Unid Nudibranch"	"Unk Nudibranch"	"Unk Nudubranch"	"spp."	"Unk Nudubranch spp."	"Invert"	"Gastropod"	"Benthic"	"Unknown"	
"UNIORG"	"Unidentified Organism"	"Unk Invert"	"Unk Invert"	"spp."	"Unk Invert spp."	"Invert"	"Unk Invert"	"Unknown"	"Unknown"	
